Name,Season,BasinName,MaxWindMPH,MinPressure,StormLength,Cost
KATRINA,2005,North Atlantic,173.0,902.0,8,161300000000
HARVEY,2017,North Atlantic,130.0,938.0,15,125000000000
MARIA,2017,North Atlantic,175.0,908.0,14,90000000000
SANDY,2012,North Atlantic,115.0,940.0,10,70900000000
IRMA,2017,North Atlantic,185.0,914.0,13,50000000000
ANDREW,1992,North Atlantic,173.0,922.0,12,48300000000
IKE,2008,North Atlantic,144.0,935.0,14,35100000000
IVAN,2004,North Atlantic,167.0,910.0,22,27300000000
WILMA,2005,North Atlantic,184.0,882.0,11,24500000000
RITA,2005,North Atlantic,178.0,895.0,8,23900000000
CHARLEY,2004,North Atlantic,150.0,941.0,6,21300000000
HUGO,1989,North Atlantic,161.0,918.0,15,18400000000
IRENE,2011,North Atlantic,121.0,942.0,9,15100000000
FRANCES,2004,North Atlantic,144.0,935.0,16,13000000000
ALLISON,2001,North Atlantic,58.0,1000.0,14,12000000000
MATTHEW,2016,North Atlantic,167.0,934.0,12,10400000000
JEANNE,2004,North Atlantic,121.0,950.0,16,10000000000
FLOYD,1999,North Atlantic,155.0,921.0,12,9700000000
GEORGES,1998,North Atlantic,155.0,937.0,16,9200000000
FRAN,1996,North Atlantic,121.0,946.0,18,8000000000
OPAL,1995,North Atlantic,150.0,916.0,9,7700000000
ALICIA,1983,North Atlantic,115.0,962.0,6,7600000000
ISABEL,2003,North Atlantic,167.0,915.0,14,7500000000
GUSTAV,2008,North Atlantic,155.0,941.0,11,7000000000
INIKI,1992,East Pacific,144.0,938.0,8,5500000000
JUAN,1985,North Atlantic,86.0,971.0,6,3500000000
MARILYN,1995,North Atlantic,115.0,949.0,19,3400000000
DENNIS,2005,North Atlantic,150.0,930.0,14,3200000000
ISAAC,2012,North Atlantic,81.0,965.0,12,3000000000
ELENA,1985,North Atlantic,127.0,953.0,7,3000000000
LEE,2011,North Atlantic,58.0,986.0,4,2800000000
BOB,1991,North Atlantic,115.0,950.0,13,2800000000
GLORIA,1985,North Atlantic,144.0,920.0,16,2000000000
ALLEN,1980,North Atlantic,190.0,899.0,11,1900000000
ALBERTO,1994,North Atlantic,63.0,993.0,7,1700000000
DOLLY,2008,North Atlantic,98.0,963.0,7,1500000000
LILI,2002,North Atlantic,144.0,938.0,13,1500000000
BONNIE,1998,North Atlantic,115.0,954.0,12,1500000000
