Name,AvgWind,MinWind,MaxWind
AERE,43.0,35.0,60.0
AGATHA,30.0,25.0,45.0
ALEX,55.0,40.0,75.0
AMOS,57.0,30.0,80.0
ANNABELLE,36.0,20.0,55.0
BLAS,68.0,25.0,120.0
BOHALE,28.0,20.0,35.0
BONNIE,28.0,20.0,40.0
CELIA,44.0,25.0,85.0
CHABA,78.0,35.0,115.0
CHANTHU,49.0,35.0,55.0
COLIN,44.0,30.0,50.0
CONSON,43.0,35.0,45.0
CORENTIN,40.0,25.0,60.0
DANIELLE,30.0,20.0,40.0
DARBY,68.0,25.0,105.0
DAYA,30.0,20.0,38.0
DIANMU,37.0,35.0,40.0
EARL,50.0,25.0,75.0
EIGHT,28.0,20.0,30.0
EMERAUDE,48.0,15.0,110.0
ESTELLE,44.0,25.0,60.0
FANTALA,68.0,20.0,135.0
FIONA,34.0,20.0,45.0
FRANK,45.0,20.0,75.0
GASTON,65.0,20.0,105.0
GEORGETTE,50.0,20.0,115.0
HAIMA,78.0,35.0,115.0
HERMINE,45.0,20.0,70.0
HOWARD,34.0,25.0,50.0
IAN,44.0,35.0,55.0
IVETTE,36.0,25.0,50.0
JAVIER,36.0,20.0,55.0
JULIA,33.0,20.0,45.0
KARL,38.0,20.0,60.0
KAY,31.0,20.0,45.0
KOMPASU,35.0,35.0,35.0
KYANT,31.0,25.0,40.0
LESTER,78.0,25.0,125.0
LIONROCK,71.0,35.0,90.0
LISA,37.0,25.0,45.0
LUPIT,39.0,35.0,40.0
MA-ON,35.0,35.0,35.0
MADELINE,42.0,30.0,50.0
MALAKAS,75.0,35.0,95.0
MALOU,40.0,40.0,40.0
MATTHEW,101.0,50.0,145.0
MEARI,59.0,35.0,75.0
MEGI,64.0,35.0,85.0
MERANTI,82.0,35.0,120.0
MINDULLE,52.0,35.0,65.0
MIRINAE,42.0,35.0,55.0
NADA,32.0,25.0,40.0
NAMTHEUN,57.0,35.0,70.0
NEPARTAK,71.0,35.0,110.0
NEWTON,51.0,15.0,80.0
NICOLE,64.0,35.0,120.0
NIDA,49.0,35.0,60.0
NOCK-TEN,73.0,35.0,105.0
NONAME,18.0,10.0,30.0
OMAIS,50.0,35.0,60.0
ONE,28.0,25.0,30.0
ORLENE,58.0,25.0,95.0
OTTO,47.0,20.0,100.0
PAINE,48.0,20.0,80.0
PALI,45.0,20.0,85.0
RAI,35.0,35.0,35.0
ROANU,36.0,20.0,45.0
ROSLYN,31.0,15.0,45.0
SARIKA,59.0,35.0,95.0
SEVENTEEN,30.0,20.0,45.0
SEYMOUR,57.0,15.0,130.0
SIXTEEN,27.0,25.0,30.0
SONGDA,72.0,35.0,100.0
STAN,32.0,20.0,55.0
TATIANA,34.0,20.0,50.0
TINA,24.0,15.0,35.0
TOKAGE,44.0,35.0,50.0
TUNI,32.0,20.0,40.0
TWO,25.0,25.0,25.0
ULA,60.0,20.0,100.0
ULIKA,36.0,25.0,65.0
URIAH,43.0,15.0,110.0
VARDAH,46.0,20.0,70.0
VICTOR,62.0,25.0,80.0
WINSTON,76.0,25.0,150.0
YALO,33.0,25.0,40.0
ZENA,51.0,30.0,70.0
